id;requested_at;status
1;2026-05-31T07:29:02;APPROVED
2;2026-05-30T23:36:28;REJECTED
3;2026-05-31T10:45:15;CANCELLED
4;2026-05-31T08:55:30;APPROVED
5;2026-05-31T12:56:02;REJECTED
6;2026-05-31T02:02:27;CANCELLED
7;2026-05-31T06:09:54;CANCELLED
8;2026-05-31T10:53:22;CANCELLED
9;2026-05-30T16:19:41;APPROVED
10;2026-05-30T14:51:10;REQUESTEDFOR
11;2026-05-30T22:21:54;APPROVED
12;2026-05-31T06:40:22;REQUESTEDFOR
13;2026-05-31T12:36:15;CANCELLED
14;2026-05-30T20:21:31;APPROVED
15;2026-05-31T10:34:45;REJECTED
16;2026-05-31T08:06:29;REQUESTEDFOR
17;2026-05-30T15:09:36;APPROVED
18;2026-05-30T13:30:48;CANCELLED
19;2026-05-31T02:46:29;APPROVED
20;2026-05-30T22:05:18;REQUESTEDFOR
21;2026-05-30T17:25:56;CANCELLED
22;2026-05-30T21:27:49;CANCELLED
23;2026-05-31T07:38:08;APPROVED
24;2026-05-31T09:34:25;APPROVED
25;2026-05-31T08:57:35;REQUESTEDFOR
26;2026-05-31T12:37:25;REJECTED
27;2026-05-31T10:18:05;REJECTED
28;2026-05-30T20:01:36;REJECTED
29;2026-05-30T19:15:02;REJECTED
30;2026-05-31T01:41:17;REQUESTEDFOR
