id;title;available_from;available_to
1;who across;2026-05-30T14:28:24;2026-05-31T00:30:59
2;failing although;2026-05-31T07:14:22;2026-05-31T13:10:52
3;chase;2026-05-30T14:01:12;2026-05-30T17:57:35
4;gah;2026-05-31T13:19:03;2026-05-30T21:28:04
5;toward sidetrack brook;2026-05-31T06:59:46;2026-05-30T20:57:53
6;playfully long uh-huh;2026-05-30T23:49:39;2026-05-31T00:22:17
7;ugh;2026-05-31T09:56:26;2026-05-31T13:13:20
8;around institutionalize whether;2026-05-31T08:06:35;2026-05-31T08:35:08
9;horde phooey;2026-05-31T06:03:00;2026-05-31T09:07:48
10;gentle boohoo;2026-05-31T00:08:13;2026-05-31T12:31:31
11;cruelly;2026-05-31T09:26:14;2026-05-31T01:38:22
12;whereas gee however;2026-05-30T22:52:27;2026-05-31T09:38:05
13;circular uh-huh if;2026-05-30T17:22:06;2026-05-30T21:23:15
14;gulp bulky;2026-05-31T00:04:58;2026-05-31T11:15:29
15;overburden bright;2026-05-30T14:41:08;2026-05-30T19:33:52
16;opposite daily underneath;2026-05-31T05:42:19;2026-05-31T10:03:33
17;mmm uneven;2026-05-30T19:11:51;2026-05-30T14:51:24
18;stunning pike yawn;2026-05-30T15:52:49;2026-05-31T00:00:41
19;dispose reborn;2026-05-31T05:09:27;2026-05-31T05:27:32
20;viciously singing;2026-05-31T01:24:31;2026-05-30T21:32:07
21;flawed;2026-05-30T22:27:37;2026-05-30T14:39:55
22;diver;2026-05-31T06:41:46;2026-05-30T20:34:52
23;why carboxyl;2026-05-30T14:23:04;2026-05-30T16:06:04
24;more achieve anenst;2026-05-31T07:38:27;2026-05-30T16:55:08
25;but of however;2026-05-31T06:27:25;2026-05-31T06:28:31
26;below acquire why;2026-05-31T07:00:58;2026-05-31T01:57:54
27;oh limply reproach;2026-05-30T21:51:23;2026-05-31T08:09:36
28;content ripe;2026-05-30T13:49:56;2026-05-30T20:42:29
29;before monasticism while;2026-05-30T15:58:08;2026-05-30T17:28:36
30;flashy;2026-05-31T09:20:37;2026-05-31T05:56:18
